[{"Item Type":"product","Product ID":3705,"Product Name":"IR1200 Series Competition Kettlebell","SKU":"IR1200","Brand Name":null,"Option Set":25,"Option Set Align":"right","Price":19.719999999999998863131622783839702606201171875,"Cost Price":0,"Retail Price":0,"Sale Price":0,"Fixed Shipping Cost":0,"Product Weight":18,"Product Width":8.5,"Product Height":12,"Product Depth":8.5,"Allow Purchases?":"Y","Product Visible?":true,"Product Availability":"available","Track Inventory":"none","Current Stock Level":80,"Low Stock Level":16,"Category":"Bath,Garden,Publications,Kitchen,Utility,Shop All,Fitness Application,Commercial Use Fitness Equipment,Kettlebells,Residential Use Fitness Equipment,Kettlebells,Products,Kettlebells,Olympic Plates,Olympic Rubber Grip Plates,Plates & Bars,Plyo-Box\/  Sand Bags,Dumbbells & Barbells,Barbells,Dumbbells,Dumbbells,Racks,Wall Ball,Balls,Strength Training,Conditioning,Conditioning,Strength Training,Workout Accessories,Specialized Equipment,Gym Accessories,Crossfit,Bars,Crossfit Items,Olympic Bars,Plates,Gym Accessories,Racks,Bars,Mats,Steps,Benches,Cable Attachments,Outdoor Training,Boxing Equipment,Cable Attachments,Shop Fireworks,Aerials,Standard Aerials,Stashes","Search Keywords":"fitness equipment, yoga mat, kettlebell, iron bull, gym equipment, exercise equipment, dumbbell,  crossfit, barbell, workout routines","Page Title":"IR1200 Series Competition Kettlebell","Meta Keywords":"fitness equipment"," yoga mat"," kettlebell"," iron bull"," gym equipment"," exercise equipment"," dumbbell","  crossfit"," barbell"," workout routines","Meta Description":"Fitness Equipment Wholesaler providing deals and savings on exercise equipment. Popular brands Apollo Athletics, Ironbull and more.","Product Condition":"New","Sort Order":0,"Product Tax Class":0,"Product UPC\/EAN":"","Product URL":"\/ir1200-series-competition-kettlebell\/","image_url":"https:\/\/cdn11.bigcommerce.com\/s-37kiq2b0u6\/products\/3705\/images\/9079\/verify__76854.1562073157.386.513.png?c=2,https:\/\/cdn11.bigcommerce.com\/s-37kiq2b0u6\/products\/3705\/images\/9080\/status__30179.1562073158.386.513.png?c=2,https:\/\/cdn11.bigcommerce.com\/s-37kiq2b0u6\/products\/3705\/images\/9081\/zeplin__13198.1562073158.386.513.png?c=2","rrr":"rr"},{"Item Type":"product","Product ID":3706,"Product Name":"IR5202 Color Competition Bumper Plates","SKU":"IR5202","Brand Name":null,"Option Set":26,"Option Set Align":"right","Price":87.5,"Cost Price":0,"Retail Price":0,"Sale Price":0,"Fixed Shipping Cost":0,"Product Weight":25,"Product Width":22,"Product Height":4,"Product Depth":4,"Allow Purchases?":"Y","Product Visible?":true,"Product Availability":"available","Track Inventory":"none","Current Stock Level":40,"Low Stock Level":8,"Category":"","Search Keywords":"fitness equipment, yoga mat, kettlebell, iron bull, gym equipment, exercise equipment, dumbbell,  crossfit, barbell, workout routines","Page Title":"","Meta Keywords":"fitness equipment"," yoga mat"," kettlebell"," iron bull"," gym equipment"," exercise equipment"," dumbbell","  crossfit"," barbell"," workout routines","Meta Description":"Fitness Equipment Wholesaler providing deals and savings on exercise equipment. Popular brands Apollo Athletics, Ironbull and more.","Product Condition":"New","Sort Order":0,"Product Tax Class":0,"Product UPC\/EAN":"","Product URL":"\/ir5202-color-competition-bumper-plates\/","Avalara Product Tax Code":"PE200706"},{"Item Type":"product","Product ID":3707,"Product Name":"3 in 1 SOFT FOAM PLYO BOX","SKU":"IR7202","Brand Name":null,"Option Set Align":"right","Price":118.3700000000000045474735088646411895751953125,"Cost Price":0,"Retail Price":0,"Sale Price":0,"Fixed Shipping Cost":0,"Product Weight":320,"Product Width":37.25,"Product Height":25.25,"Product Depth":20.5,"Allow Purchases?":"Y","Product Visible?":true,"Product Availability":"available","Track Inventory":"none","Current Stock Level":2,"Low Stock Level":0,"Category":"","Search Keywords":"fitness equipment, yoga mat, kettlebell, iron bull, gym equipment, exercise equipment, dumbbell,  crossfit, barbell, workout routines","Page Title":"","Meta Keywords":"fitness equipment"," yoga mat"," kettlebell"," iron bull"," gym equipment"," exercise equipment"," dumbbell","  crossfit"," barbell"," workout routines","Meta Description":"Fitness Equipment Wholesaler providing deals and savings on exercise equipment. Popular brands Apollo Athletics, Ironbull and more.","Product Condition":"New","Sort Order":0,"Product Tax Class":0,"Product UPC\/EAN":"","Product URL":"\/3-in-1-soft-foam-plyo-box\/"},{"Item Type":"product","Product ID":3708,"Product Name":"IR4301 Urethane Straight Barbell","SKU":"IR4301","Brand Name":null,"Option Set":27,"Option Set Align":"right","Price":56,"Cost Price":0,"Retail Price":0,"Sale Price":0,"Fixed Shipping Cost":0,"Product Weight":20,"Product Width":41.5,"Product Height":9,"Product Depth":9,"Allow Purchases?":"Y","Product Visible?":true,"Product Availability":"available","Track Inventory":"none","Current Stock Level":10,"Low Stock Level":2,"Category":"","Search Keywords":"fitness equipment, yoga mat, kettlebell, iron bull, gym equipment, exercise equipment, dumbbell,  crossfit, barbell, workout routines","Page Title":"IR4301 Urethane Straight Barbell","Meta Keywords":"fitness equipment"," yoga mat"," kettlebell"," iron bull"," gym equipment"," exercise equipment"," dumbbell","  crossfit"," barbell"," workout routines","Meta Description":"Fitness Equipment Wholesaler providing deals and savings on exercise equipment. Popular brands Apollo Athletics, Ironbull and more.","Product Condition":"New","Sort Order":0,"Product Tax Class":0,"Product UPC\/EAN":"","Product URL":"\/ir4301-urethane-straight-barbell\/","GPS Manufacturer Part Number":"IR4301"},{"SKU":"IR4301-20","label":"20 lbs","option_id":421,"option_display_name":"Size","parentId":"IR4301","price":118.3700000000000045474735088646411895751953125},{"SKU":"IR4301-30","label":"30 lbs","option_id":421,"option_display_name":"Size","parentId":"IR4301","price":118.3700000000000045474735088646411895751953125},{"SKU":"IR4301-40","label":"40 lbs","option_id":421,"option_display_name":"Size","parentId":"IR4301","price":118.3700000000000045474735088646411895751953125},{"SKU":"IR4301-50","label":"50 lbs","option_id":421,"option_display_name":"Size","parentId":"IR4301","price":118.3700000000000045474735088646411895751953125},{"SKU":"IR4301-60","label":"60 lbs","option_id":421,"option_display_name":"Size","parentId":"IR4301","price":118.3700000000000045474735088646411895751953125},{"SKU":"IR4301-70","label":"70 lbs","option_id":421,"option_display_name":"Size","parentId":"IR4301","price":118.3700000000000045474735088646411895751953125},{"SKU":"IR4301-80","label":"80 lbs","option_id":421,"option_display_name":"Size","parentId":"IR4301","price":118.3700000000000045474735088646411895751953125},{"SKU":"IR4301-90","label":"90 lbs","option_id":421,"option_display_name":"Size","parentId":"IR4301","price":118.3700000000000045474735088646411895751953125},{"SKU":"IR4301-100","label":"100 lbs","option_id":421,"option_display_name":"Size","parentId":"IR4301","price":118.3700000000000045474735088646411895751953125},{"SKU":"IR4301-110","label":"110 lbs","option_id":421,"option_display_name":"Size","parentId":"IR4301","price":118.3700000000000045474735088646411895751953125},{"Item Type":"product","Product ID":3709,"Product Name":"IR3100 series Rubber Coated Dumbbell (Set 5-50)","SKU":"IR3100","Brand Name":null,"Option Set Align":"right","Price":546.5,"Cost Price":0,"Retail Price":0,"Sale Price":0,"Fixed Shipping Cost":0,"Product Weight":550,"Product Width":0,"Product Height":0,"Product Depth":0,"Allow Purchases?":"Y","Product Visible?":true,"Product Availability":"available","Track Inventory":"none","Current Stock Level":2,"Low Stock Level":1,"Category":"","Search Keywords":"fitness equipment, yoga mat, kettlebell, iron bull, gym equipment, exercise equipment, dumbbell,  crossfit, barbell, workout routines","Page Title":"","Meta Keywords":"fitness equipment"," yoga mat"," kettlebell"," iron bull"," gym equipment"," exercise equipment"," dumbbell","  crossfit"," barbell"," workout routines","Meta Description":"Fitness Equipment Wholesaler providing deals and savings on exercise equipment. Popular brands Apollo Athletics, Ironbull and more.","Product Condition":"New","Sort Order":0,"Product Tax Class":0,"Product UPC\/EAN":"","Product URL":"\/ir3100-series-rubber-coated-dumbbell-set-5-50\/"},{"Item Type":"product","Product ID":3710,"Product Name":"Crumb Rubber Bumper Plate","SKU":"IR5104","Brand Name":null,"Option Set":28,"Option Set Align":"right","Price":10.199999999999999289457264239899814128875732421875,"Cost Price":0,"Retail Price":0,"Sale Price":0,"Fixed Shipping Cost":0,"Product Weight":10,"Product Width":18.25,"Product Height":3,"Product Depth":18.25,"Allow Purchases?":"Y","Product Visible?":true,"Product Availability":"available","Track Inventory":"none","Current Stock Level":8,"Low Stock Level":5,"Category":"","Search Keywords":"fitness equipment, yoga mat, kettlebell, iron bull, gym equipment, exercise equipment, dumbbell,  crossfit, barbell, workout routines","Page Title":"","Meta Keywords":"fitness equipment"," yoga mat"," kettlebell"," iron bull"," gym equipment"," exercise equipment"," dumbbell","  crossfit"," barbell"," workout routines","Meta Description":"Fitness Equipment Wholesaler providing deals and savings on exercise equipment. Popular brands Apollo Athletics, Ironbull and more.","Product Condition":"New","Sort Order":0,"Product Tax Class":0,"Product UPC\/EAN":"","Product URL":"\/crumb-rubber-bumper-plate\/"},{"SKU":"IR5104 - 10 lbs","label":"10 lbs","option_id":422,"option_display_name":"Size","parentId":"IR5104","price":10.199999999999999289457264239899814128875732421875},{"SKU":"IR5104 - 15 lbs","label":"15 lbs","option_id":422,"option_display_name":"Size","parentId":"IR5104","price":15.300000000000000710542735760100185871124267578125},{"SKU":"IR5104 - 25 lbs","label":"25 lbs","option_id":422,"option_display_name":"Size","parentId":"IR5104","price":25.5},{"SKU":"IR5104 - 35 lbs","label":"35 lbs","option_id":422,"option_display_name":"Size","parentId":"IR5104","price":35.2999999999999971578290569595992565155029296875},{"SKU":"IR5104 - 45 lbs","label":"45 lbs","option_id":422,"option_display_name":"Size","parentId":"IR5104","price":45.89999999999999857891452847979962825775146484375},{"Item Type":"product","Product ID":3711,"Product Name":"IR5100 4-Grip Rubber Weight Plates","SKU":"IR5100","Brand Name":null,"Option Set":29,"Option Set Align":"right","Price":3.75,"Cost Price":0,"Retail Price":0,"Sale Price":0,"Fixed Shipping Cost":0,"Product Weight":2.5,"Product Width":9,"Product Height":9,"Product Depth":1,"Allow Purchases?":"Y","Product Visible?":true,"Product Availability":"available","Track Inventory":"none","Current Stock Level":60,"Low Stock Level":12,"Category":"","Search Keywords":"fitness equipment, yoga mat, kettlebell, iron bull, gym equipment, exercise equipment, dumbbell,  crossfit, barbell, workout routines","Page Title":"","Meta Keywords":"fitness equipment"," yoga mat"," kettlebell"," iron bull"," gym equipment"," exercise equipment"," dumbbell","  crossfit"," barbell"," workout routines","Meta Description":"Fitness Equipment Wholesaler providing deals and savings on exercise equipment. Popular brands Apollo Athletics, Ironbull and more.","Product Condition":"New","Sort Order":0,"Product Tax Class":0,"Product UPC\/EAN":"","Product URL":"\/ir5100-4-grip-rubber-weight-plates\/"},{"SKU":"IR5100- 2.5 lbs","label":"2.5 lbs","option_id":423,"option_display_name":"Lbs Bumper Plates","parentId":"IR5100","price":3.75},{"SKU":"IR5100- 5 lbs","label":"5 lbs","option_id":423,"option_display_name":"Lbs Bumper Plates","parentId":"IR5100","price":7.5},{"SKU":"IR5100- 10 lbs","label":"10 lbs","option_id":423,"option_display_name":"Lbs Bumper Plates","parentId":"IR5100","price":15},{"SKU":"IR5100- 25 lbs","label":"25 lbs","option_id":423,"option_display_name":"Lbs Bumper Plates","parentId":"IR5100","price":52.5},{"SKU":"IR5100- 35 lbs","label":"35 lbs","option_id":423,"option_display_name":"Lbs Bumper Plates","parentId":"IR5100","price":52.5},{"SKU":"IR5100- 45 lbs","label":"45 lbs","option_id":423,"option_display_name":"Lbs Bumper Plates","parentId":"IR5100","price":67.5},{"Item Type":"product","Product ID":3712,"Product Name":"IR5500 TPU Olympic Grip Plates","SKU":"IR5500","Brand Name":null,"Option Set":29,"Option Set Align":"right","Price":3.5,"Cost Price":0,"Retail Price":0,"Sale Price":0,"Fixed Shipping Cost":0,"Product Weight":2.5,"Product Width":9,"Product Height":9,"Product Depth":1,"Allow Purchases?":"Y","Product Visible?":true,"Product Availability":"available","Track Inventory":"none","Current Stock Level":60,"Low Stock Level":12,"Category":"","Search Keywords":"fitness equipment, yoga mat, kettlebell, iron bull, gym equipment, exercise equipment, dumbbell,  crossfit, barbell, workout routines","Page Title":"","Meta Keywords":"fitness equipment"," yoga mat"," kettlebell"," iron bull"," gym equipment"," exercise equipment"," dumbbell","  crossfit"," barbell"," workout routines","Meta Description":"Fitness Equipment Wholesaler providing deals and savings on exercise equipment. Popular brands Apollo Athletics, Ironbull and more.","Product Condition":"New","Sort Order":0,"Product Tax Class":0,"Product UPC\/EAN":"","Product URL":"\/ir5500-tpu-olympic-grip-plates\/"},{"SKU":"IR5500 - 2.5 lbs","label":"2.5 lbs","option_id":424,"option_display_name":"Lbs Bumper Plates","parentId":"IR5500","price":3.5},{"SKU":"IR5500 - 5 lbs","label":"5 lbs","option_id":424,"option_display_name":"Lbs Bumper Plates","parentId":"IR5500","price":7},{"SKU":"IR5500 - 10 lbs","label":"10 lbs","option_id":424,"option_display_name":"Lbs Bumper Plates","parentId":"IR5500","price":14},{"SKU":"IR5500 - 25 lbs","label":"25 lbs","option_id":424,"option_display_name":"Lbs Bumper Plates","parentId":"IR5500","price":35},{"SKU":"IR5500 - 35 lbs","label":"35 lbs","option_id":424,"option_display_name":"Lbs Bumper Plates","parentId":"IR5500","price":49},{"SKU":"IR5500 - 45 lbs","label":"45 lbs","option_id":424,"option_display_name":"Lbs Bumper Plates","parentId":"IR5500","price":63},{"Item Type":"product","Product ID":3713,"Product Name":"IR4104 Rubber Fixed Curl Barbell","SKU":"IR4104","Brand Name":null,"Option Set":27,"Option Set Align":"right","Price":56,"Cost Price":0,"Retail Price":0,"Sale Price":0,"Fixed Shipping Cost":0,"Product Weight":20,"Product Width":41.0499999999999971578290569595992565155029296875,"Product Height":9,"Product Depth":9,"Allow Purchases?":"Y","Product Visible?":true,"Product Availability":"available","Track Inventory":"none","Current Stock Level":100,"Low Stock Level":20,"Category":"","Search Keywords":"fitness equipment, yoga mat, kettlebell, iron bull, gym equipment, exercise equipment, dumbbell,  crossfit, barbell, workout routines","Page Title":"IR4302 Urethane Curl Barbell","Meta Keywords":"fitness equipment"," yoga mat"," kettlebell"," iron bull"," gym equipment"," exercise equipment"," dumbbell","  crossfit"," barbell"," workout routines","Meta Description":"Fitness Equipment Wholesaler providing deals and savings on exercise equipment. Popular brands Apollo Athletics, Ironbull and more.","Product Condition":"New","Sort Order":0,"Product Tax Class":0,"Product UPC\/EAN":"","Product URL":"\/ir4104-rubber-fixed-curl-barbell\/"},{"SKU":"IR4104-20","label":"20 lbs","option_id":425,"option_display_name":"Size","parentId":"IR4104","price":56},{"SKU":"IR4104-30","label":"30 lbs","option_id":425,"option_display_name":"Size","parentId":"IR4104","price":84},{"SKU":"IR4104-40","label":"40 lbs","option_id":425,"option_display_name":"Size","parentId":"IR4104","price":112},{"SKU":"IR4104-50","label":"50 lbs","option_id":425,"option_display_name":"Size","parentId":"IR4104","price":140},{"SKU":"IR4104-60","label":"60 lbs","option_id":425,"option_display_name":"Size","parentId":"IR4104","price":168},{"SKU":"IR4104-70","label":"70 lbs","option_id":425,"option_display_name":"Size","parentId":"IR4104","price":196},{"SKU":"IR4104-80","label":"80 lbs","option_id":425,"option_display_name":"Size","parentId":"IR4104","price":224},{"SKU":"IR4104-90","label":"90 lbs","option_id":425,"option_display_name":"Size","parentId":"IR4104","price":252},{"SKU":"IR4104-100","label":"100 lbs","option_id":425,"option_display_name":"Size","parentId":"IR4104","price":280},{"SKU":"IR4104-110","label":"110 lbs","option_id":425,"option_display_name":"Size","parentId":"IR4104","price":308},{"Item Type":"product","Product ID":3714,"Product Name":"IR3300 Series Urethane Dumbbells","SKU":"IR3300","Brand Name":null,"Option Set":30,"Option Set Align":"right","Price":13.75,"Cost Price":0,"Retail Price":0,"Sale Price":0,"Fixed Shipping Cost":0,"Product Weight":5,"Product Width":14.5,"Product Height":6.5,"Product Depth":6.5,"Allow Purchases?":"Y","Product Visible?":true,"Product Availability":"available","Track Inventory":"none","Current Stock Level":204,"Low Stock Level":39,"Category":"","Search Keywords":"fitness equipment, yoga mat, kettlebell, iron bull, gym equipment, exercise equipment, dumbbell,  crossfit, barbell, workout routines","Page Title":"","Meta Keywords":"fitness equipment"," yoga mat"," kettlebell"," iron bull"," gym equipment"," exercise equipment"," dumbbell","  crossfit"," barbell"," workout routines","Meta Description":"Fitness Equipment Wholesaler providing deals and savings on exercise equipment. Popular brands Apollo Athletics, Ironbull and more.","Product Condition":"New","Sort Order":0,"Product Tax Class":0,"Product UPC\/EAN":"","Product URL":"\/ir3300-series-urethane-dumbbells\/"},{"SKU":"IR3300 - 5 lbs","label":"5 lbs","option_id":426,"option_display_name":"Size","parentId":"IR3300","price":13.75},{"SKU":"IR3300 - 10 lbs","label":"10 lbs","option_id":426,"option_display_name":"Size","parentId":"IR3300","price":27.5},{"SKU":"IR3300 - 15 lbs","label":"15 lbs","option_id":426,"option_display_name":"Size","parentId":"IR3300","price":41.25},{"SKU":"IR3300 - 20 lbs","label":"20 lbs","option_id":426,"option_display_name":"Size","parentId":"IR3300","price":55},{"SKU":"IR3300 - 25 lbs","label":"25 lbs","option_id":426,"option_display_name":"Size","parentId":"IR3300","price":68.75},{"SKU":"IR3300 - 30 lbs","label":"30 lbs","option_id":426,"option_display_name":"Size","parentId":"IR3300","price":82.5},{"SKU":"IR3300 - 35 lbs","label":"35 lbs","option_id":426,"option_display_name":"Size","parentId":"IR3300","price":96.25},{"SKU":"IR3300 - 40 lbs","label":"40 lbs","option_id":426,"option_display_name":"Size","parentId":"IR3300","price":110},{"SKU":"IR3300 - 45 lbs","label":"45 lbs","option_id":426,"option_display_name":"Size","parentId":"IR3300","price":123.75},{"SKU":"IR3300 - 50 lbs","label":"50 lbs","option_id":426,"option_display_name":"Size","parentId":"IR3300","price":137.5},{"SKU":"IR3300 - 55 lbs","label":"55 lbs","option_id":426,"option_display_name":"Size","parentId":"IR3300","price":151.25},{"SKU":"IR3300 - 60 lbs","label":"60 lbs","option_id":426,"option_display_name":"Size","parentId":"IR3300","price":165},{"SKU":"IR3300 - 65 lbs","label":"65 lbs","option_id":426,"option_display_name":"Size","parentId":"IR3300","price":178.75},{"SKU":"IR3300 - 70 lbs","label":"70 lbs","option_id":426,"option_display_name":"Size","parentId":"IR3300","price":192.5},{"SKU":"IR3300 - 75 lbs","label":"75 lbs","option_id":426,"option_display_name":"Size","parentId":"IR3300","price":206.25},{"SKU":"IR3300 - 80 lbs","label":"80 lbs","option_id":426,"option_display_name":"Size","parentId":"IR3300","price":220},{"SKU":"IR3300 - 85 lbs","label":"85 lbs","option_id":426,"option_display_name":"Size","parentId":"IR3300","price":233.75},{"SKU":"IR3300 - 90 lbs","label":"90 lbs","option_id":426,"option_display_name":"Size","parentId":"IR3300","price":247.5},{"SKU":"IR3300 - 95 lbs","label":"95 lbs","option_id":426,"option_display_name":"Size","parentId":"IR3300","price":261.25},{"SKU":"IR3300 - 100 lbs","label":"100 lbs","option_id":426,"option_display_name":"Size","parentId":"IR3300","price":275},{"Item Type":"product","Product ID":3715,"Product Name":"Power Resistance Bands","SKU":"IR7500","Brand Name":null,"Option Set":31,"Option Set Align":"right","Price":6.5,"Cost Price":0,"Retail Price":0,"Sale Price":0,"Fixed Shipping Cost":0,"Product Weight":0.299999999999999988897769753748434595763683319091796875,"Product Width":0,"Product Height":0,"Product Depth":0,"Allow Purchases?":"Y","Product Visible?":true,"Product Availability":"available","Track Inventory":"none","Current Stock Level":10,"Low Stock Level":0,"Category":"","Search Keywords":"fitness equipment, yoga mat, kettlebell, iron bull, gym equipment, exercise equipment, dumbbell,  crossfit, barbell, workout routines","Page Title":"","Meta Keywords":"fitness equipment"," yoga mat"," kettlebell"," iron bull"," gym equipment"," exercise equipment"," dumbbell","  crossfit"," barbell"," workout routines","Meta Description":"Fitness Equipment Wholesaler providing deals and savings on exercise equipment. Popular brands Apollo Athletics, Ironbull and more.","Product Condition":"New","Sort Order":0,"Product Tax Class":0,"Product UPC\/EAN":"","Product URL":"\/power-resistance-bands\/"},{"SKU":"IR7500 - 0.5","label":"Red (0.5)","option_id":427,"option_display_name":"Color","parentId":"IR7500","price":275},{"SKU":"IR7500 - 0.75","label":"Black (0.75)","option_id":427,"option_display_name":"Color","parentId":"IR7500","price":275},{"SKU":"IR7500 -  1.26","label":"Green (1.26)","option_id":427,"option_display_name":"Color","parentId":"IR7500","price":275},{"SKU":"IR7500 - 1.78","label":"Purple (1.78)","option_id":427,"option_display_name":"Color","parentId":"IR7500","price":275},{"SKU":"IR7500 - 2.5","label":"Blue (2.5)","option_id":427,"option_display_name":"Color","parentId":"IR7500","price":275},{"Item Type":"product","Product ID":3716,"Product Name":"IR 5300 series Urethane Encased 4-grip Plate","SKU":"IR5300","Brand Name":null,"Option Set":29,"Option Set Align":"right","Price":4.29999999999999982236431605997495353221893310546875,"Cost Price":0,"Retail Price":0,"Sale Price":0,"Fixed Shipping Cost":0,"Product Weight":2.5,"Product Width":0,"Product Height":0,"Product Depth":0,"Allow Purchases?":"Y","Product Visible?":true,"Product Availability":"available","Track Inventory":"none","Current Stock Level":12,"Low Stock Level":6,"Category":"","Search Keywords":"fitness equipment, yoga mat, kettlebell, iron bull, gym equipment, exercise equipment, dumbbell,  crossfit, barbell, workout routines","Page Title":"","Meta Keywords":"fitness equipment"," yoga mat"," kettlebell"," iron bull"," gym equipment"," exercise equipment"," dumbbell","  crossfit"," barbell"," workout routines","Meta Description":"Fitness Equipment Wholesaler providing deals and savings on exercise equipment. Popular brands Apollo Athletics, Ironbull and more.","Product Condition":"New","Sort Order":0,"Product Tax Class":0,"Product UPC\/EAN":"","Product URL":"\/ir-5300-series-urethane-encased-4-grip-plate\/"},{"SKU":"IR5300 - 2.5","label":"2.5 lbs","option_id":428,"option_display_name":"Lbs Bumper Plates","parentId":"IR5300","price":4.29999999999999982236431605997495353221893310546875},{"SKU":"IR5300 - 5","label":"5 lbs","option_id":428,"option_display_name":"Lbs Bumper Plates","parentId":"IR5300","price":8.5999999999999996447286321199499070644378662109375},{"SKU":"IR5300 - 10","label":"10 lbs","option_id":428,"option_display_name":"Lbs Bumper Plates","parentId":"IR5300","price":8.5999999999999996447286321199499070644378662109375},{"SKU":"IR5300 - 25","label":"25 lbs","option_id":428,"option_display_name":"Lbs Bumper Plates","parentId":"IR5300","price":8.5999999999999996447286321199499070644378662109375},{"SKU":"IR5300 - 35","label":"35 lbs","option_id":428,"option_display_name":"Lbs Bumper Plates","parentId":"IR5300","price":8.5999999999999996447286321199499070644378662109375},{"SKU":"IR5300 - 45","label":"45 lbs","option_id":428,"option_display_name":"Lbs Bumper Plates","parentId":"IR5300","price":8.5999999999999996447286321199499070644378662109375},{"Item Type":"product","Product ID":3717,"Product Name":"Wall Ball","SKU":"IR7101","Brand Name":null,"Option Set":32,"Option Set Align":"right","Price":37.22999999999999687361196265555918216705322265625,"Cost Price":0,"Retail Price":0,"Sale Price":0,"Fixed Shipping Cost":0,"Product Weight":8,"Product Width":7.5,"Product Height":10,"Product Depth":5.5,"Allow Purchases?":"Y","Product Visible?":true,"Product Availability":"available","Track Inventory":"none","Current Stock Level":80,"Low Stock Level":16,"Category":"","Search Keywords":"fitness equipment, yoga mat, kettlebell, iron bull, gym equipment, exercise equipment, dumbbell,  crossfit, barbell, workout routines","Page Title":"","Meta Keywords":"fitness equipment"," yoga mat"," kettlebell"," iron bull"," gym equipment"," exercise equipment"," dumbbell","  crossfit"," barbell"," workout routines","Meta Description":"Fitness Equipment Wholesaler providing deals and savings on exercise equipment. Popular brands Apollo Athletics, Ironbull and more.","Product Condition":"New","Sort Order":0,"Product Tax Class":0,"Product UPC\/EAN":"","Product URL":"\/wall-ball\/"},{"SKU":"IR7101 - 8","label":"8 lbs","option_id":429,"option_display_name":"Size","parentId":"IR7101","price":37.22999999999999687361196265555918216705322265625},{"SKU":"IR7101 - 10","label":"10 lbs","option_id":429,"option_display_name":"Size","parentId":"IR7101","price":40.7999999999999971578290569595992565155029296875},{"SKU":"IR7101 - 12","label":"12 lbs","option_id":429,"option_display_name":"Size","parentId":"IR7101","price":41.82000000000000028421709430404007434844970703125},{"SKU":"IR7101 - 16","label":"16 lbs","option_id":429,"option_display_name":"Size","parentId":"IR7101","price":43.8599999999999994315658113919198513031005859375},{"SKU":"IR7101 - 18","label":"18 lbs","option_id":429,"option_display_name":"Size","parentId":"IR7101","price":44.88000000000000255795384873636066913604736328125},{"SKU":"IR7101 - 20","label":"20 lbs","option_id":429,"option_display_name":"Size","parentId":"IR7101","price":45.89999999999999857891452847979962825775146484375},{"SKU":"IR7101 - 25","label":"25 lbs","option_id":429,"option_display_name":"Size","parentId":"IR7101","price":48.96000000000000085265128291212022304534912109375},{"SKU":"IR7101 - 30","label":"30 lbs","option_id":429,"option_display_name":"Size","parentId":"IR7101","price":52.02000000000000312638803734444081783294677734375},{"Item Type":"product","Product ID":3718,"Product Name":"3 in 1 Wooden Plyo Box","SKU":"PB-WOOD","Brand Name":null,"Option Set Align":"right","Price":86,"Cost Price":0,"Retail Price":0,"Sale Price":0,"Fixed Shipping Cost":0,"Product Weight":51,"Product Width":30,"Product Height":24,"Product Depth":20,"Allow Purchases?":"Y","Product Visible?":true,"Product Availability":"available","Track Inventory":"none","Current Stock Level":20,"Low Stock Level":0,"Category":"","Search Keywords":"fitness equipment, yoga mat, kettlebell, iron bull, gym equipment, exercise equipment, dumbbell,  crossfit, barbell, workout routines","Page Title":"","Meta Keywords":"fitness equipment"," yoga mat"," kettlebell"," iron bull"," gym equipment"," exercise equipment"," dumbbell","  crossfit"," barbell"," workout routines","Meta Description":"Fitness Equipment Wholesaler providing deals and savings on exercise equipment. Popular brands Apollo Athletics, Ironbull and more.","Product Condition":"New","Sort Order":0,"Product Tax Class":0,"Product UPC\/EAN":"","Product URL":"\/3-in-1-wooden-plyo-box\/"},{"Item Type":"product","Product ID":3719,"Product Name":"Jar Lock Collar","SKU":"IR7800","Brand Name":null,"Option Set":33,"Option Set Align":"right","Price":21.10000000000000142108547152020037174224853515625,"Cost Price":0,"Retail Price":0,"Sale Price":0,"Fixed Shipping Cost":0,"Product Weight":1,"Product Width":0,"Product Height":0,"Product Depth":0,"Allow Purchases?":"Y","Product Visible?":true,"Product Availability":"available","Track Inventory":"none","Current Stock Level":6,"Low Stock Level":0,"Category":"","Search Keywords":"fitness equipment, yoga mat, kettlebell, iron bull, gym equipment, exercise equipment, dumbbell,  crossfit, barbell, workout routines","Page Title":"","Meta Keywords":"fitness equipment"," yoga mat"," kettlebell"," iron bull"," gym equipment"," exercise equipment"," dumbbell","  crossfit"," barbell"," workout routines","Meta Description":"Fitness Equipment Wholesaler providing deals and savings on exercise equipment. Popular brands Apollo Athletics, Ironbull and more.","Product Condition":"New","Sort Order":0,"Product Tax Class":0,"Product UPC\/EAN":"","Product URL":"\/jar-lock-collar\/"},{"SKU":"IR7800 - Red","label":"Red","option_id":430,"option_display_name":"Color","parentId":"IR7800","price":86},{"SKU":"IR7800 - Black","label":"Black","option_id":430,"option_display_name":"Color","parentId":"IR7800","price":86},{"SKU":"IR7800 - Blue","label":"Blue","option_id":430,"option_display_name":"Color","parentId":"IR7800","price":86},{"Item Type":"product","Product ID":3720,"Product Name":"Commercial Dumbbell Rack","SKU":"IR6300","Brand Name":null,"Option Set Align":"right","Price":344,"Cost Price":0,"Retail Price":0,"Sale Price":0,"Fixed Shipping Cost":0,"Product Weight":200,"Product Width":9.4000000000000003552713678800500929355621337890625,"Product Height":47.2000000000000028421709430404007434844970703125,"Product Depth":31.5,"Allow Purchases?":"Y","Product Visible?":true,"Product Availability":"available","Track Inventory":"none","Current Stock Level":2,"Low Stock Level":0,"Category":"","Search Keywords":"fitness equipment, yoga mat, kettlebell, iron bull, gym equipment, exercise equipment, dumbbell,  crossfit, barbell, workout routines","Page Title":"","Meta Keywords":"fitness equipment"," yoga mat"," kettlebell"," iron bull"," gym equipment"," exercise equipment"," dumbbell","  crossfit"," barbell"," workout routines","Meta Description":"Fitness Equipment Wholesaler providing deals and savings on exercise equipment. Popular brands Apollo Athletics, Ironbull and more.","Product Condition":"New","Sort Order":0,"Product Tax Class":0,"Product UPC\/EAN":"","Product URL":"\/commercial-dumbbell-rack\/"},{"Item Type":"product","Product ID":3721,"Product Name":"Iron Bull Powder Sand Bag","SKU":"IR7204","Brand Name":null,"Option Set":34,"Option Set Align":"right","Price":30.219999999999998863131622783839702606201171875,"Cost Price":0,"Retail Price":0,"Sale Price":0,"Fixed Shipping Cost":0,"Product Warranty":"180 day Limited Warranty","Product Weight":11,"Product Width":9,"Product Height":22,"Product Depth":9,"Allow Purchases?":"Y","Product Visible?":true,"Product Availability":"available","Track Inventory":"none","Current Stock Level":50,"Low Stock Level":10,"Category":"","Search Keywords":"Sandbags","Page Title":"Iron Bull Powder Sand Bags","Product Condition":"New","Sort Order":0,"Product Tax Class":0,"Product UPC\/EAN":"","Product URL":"\/iron-bull-powder-sand-bag\/"},{"SKU":"IR7204 - 5kg","label":"5 kg","option_id":431,"option_display_name":"Size","parentId":"IR7204","price":344},{"SKU":"IR7204 - 10 kg","label":"10 kg","option_id":431,"option_display_name":"Size","parentId":"IR7204","price":344},{"SKU":"IR7204 - 15 kg","label":"15 kg","option_id":431,"option_display_name":"Size","parentId":"IR7204","price":344},{"SKU":"IR7204 - 20kg","label":"20 kg","option_id":431,"option_display_name":"Size","parentId":"IR7204","price":344},{"SKU":"IR7204 - 25 kg","label":"25 kg","option_id":431,"option_display_name":"Size","parentId":"IR7204","price":344},{"Item Type":"product","Product ID":3722,"Product Name":"Barbell Rack","SKU":"IR6200","Brand Name":null,"Option Set Align":"right","Price":105.900000000000005684341886080801486968994140625,"Cost Price":0,"Retail Price":0,"Sale Price":0,"Fixed Shipping Cost":0,"Product Weight":45,"Product Width":35.5,"Product Height":11.800000000000000710542735760100185871124267578125,"Product Depth":23.5,"Allow Purchases?":"Y","Product Visible?":true,"Product Availability":"available","Track Inventory":"none","Current Stock Level":2,"Low Stock Level":0,"Category":"","Search Keywords":"fitness equipment, yoga mat, kettlebell, iron bull, gym equipment, exercise equipment, dumbbell,  crossfit, barbell, workout routines","Page Title":"","Meta Keywords":"fitness equipment"," yoga mat"," kettlebell"," iron bull"," gym equipment"," exercise equipment"," dumbbell","  crossfit"," barbell"," workout routines","Meta Description":"Fitness Equipment Wholesaler providing deals and savings on exercise equipment. Popular brands Apollo Athletics, Ironbull and more.","Product Condition":"New","Sort Order":0,"Product Tax Class":0,"Product UPC\/EAN":"","Product URL":"\/barbell-rack\/"},{"Item Type":"product","Product ID":3723,"Product Name":"KB Series Kettlebells (kg)","SKU":"KB","Brand Name":null,"Option Set":35,"Option Set Align":"right","Price":16.379999999999999005240169935859739780426025390625,"Cost Price":0,"Retail Price":0,"Sale Price":0,"Fixed Shipping Cost":0,"Product Weight":18,"Product Width":5.25,"Product Height":9.75,"Product Depth":5.25,"Allow Purchases?":"Y","Product Visible?":false,"Product Availability":"available","Track Inventory":"none","Current Stock Level":220,"Low Stock Level":22,"Category":"","Search Keywords":"fitness equipment, yoga mat, kettlebell, iron bull, gym equipment, exercise equipment, dumbbell,  crossfit, barbell, workout routines","Page Title":"KB Series Kettleballs","Meta Keywords":"fitness equipment"," yoga mat"," kettlebell"," iron bull"," gym equipment"," exercise equipment"," dumbbell","  crossfit"," barbell"," workout routines","Meta Description":"Fitness Equipment Wholesaler providing deals and savings on exercise equipment. Popular brands Apollo Athletics, Ironbull and more.","Product Condition":"New","Sort Order":4,"Product Tax Class":0,"Product UPC\/EAN":"","Product URL":"\/kb-series-kettleballs\/"},{"SKU":"KB- 8","label":"8 kg","option_id":432,"option_display_name":"KG Kettlebell","parentId":"KB","price":16.379999999999999005240169935859739780426025390625},{"SKU":"KB - 12","label":"12 kg","option_id":432,"option_display_name":"KG Kettlebell","parentId":"KB","price":23.660000000000000142108547152020037174224853515625},{"SKU":"KB - 16","label":"16 kg","option_id":432,"option_display_name":"KG Kettlebell","parentId":"KB","price":31.85000000000000142108547152020037174224853515625},{"SKU":"KB - 20","label":"20 kg","option_id":432,"option_display_name":"KG Kettlebell","parentId":"KB","price":40.03999999999999914734871708787977695465087890625},{"SKU":"KB - 24","label":"24 kg","option_id":432,"option_display_name":"KG Kettlebell","parentId":"KB","price":48.22999999999999687361196265555918216705322265625},{"SKU":"KB - 28","label":"28 kg","option_id":432,"option_display_name":"KG Kettlebell","parentId":"KB","price":56.4200000000000017053025658242404460906982421875},{"SKU":"KB - 32","label":"32 kg","option_id":432,"option_display_name":"KG Kettlebell","parentId":"KB","price":63.7000000000000028421709430404007434844970703125},{"SKU":"KB - 36","label":"36 kg","option_id":432,"option_display_name":"KG Kettlebell","parentId":"KB","price":71.8900000000000005684341886080801486968994140625},{"SKU":"KB - 40","label":"40 kg","option_id":432,"option_display_name":"KG Kettlebell","parentId":"KB","price":80.0799999999999982946974341757595539093017578125},{"SKU":"KB - 44","label":"44 kg","option_id":432,"option_display_name":"KG Kettlebell","parentId":"KB","price":88.2699999999999960209606797434389591217041015625},{"SKU":"KB - 48","label":"48 kg","option_id":432,"option_display_name":"KG Kettlebell","parentId":"KB","price":96.4599999999999937472239253111183643341064453125},{"Item Type":"product","Product ID":3724,"Product Name":"Chrome Steel 1200lb Bar - IR2200","SKU":"IR2200","Brand Name":null,"Option Set Align":"right","Price":112.8799999999999954525264911353588104248046875,"Cost Price":0,"Retail Price":0,"Sale Price":0,"Fixed Shipping Cost":0,"Product Weight":44,"Product Width":0,"Product Height":0,"Product Depth":0,"Allow Purchases?":"Y","Product Visible?":false,"Product Availability":"available","Track Inventory":"none","Current Stock Level":2,"Low Stock Level":0,"Category":"","Search Keywords":"fitness equipment, yoga mat, kettlebell, iron bull, gym equipment, exercise equipment, dumbbell,  crossfit, barbell, workout routines","Page Title":"","Meta Keywords":"fitness equipment"," yoga mat"," kettlebell"," iron bull"," gym equipment"," exercise equipment"," dumbbell","  crossfit"," barbell"," workout routines","Meta Description":"Fitness Equipment Wholesaler providing deals and savings on exercise equipment. Popular brands Apollo Athletics, Ironbull and more.","Product Condition":"New","Sort Order":0,"Product Tax Class":0,"Product UPC\/EAN":"","Product URL":"\/chrome-steel-1200lb-bar-ir2200\/"},{"Item Type":"product","Product ID":3725,"Product Name":"Iron Bull Men's 1500lb Bar - IR2201","SKU":"IR2201","Brand Name":null,"Option Set Align":"right","Price":150.900000000000005684341886080801486968994140625,"Cost Price":0,"Retail Price":0,"Sale Price":0,"Fixed Shipping Cost":0,"Product Weight":4,"Product Width":4,"Product Height":87,"Product Depth":4,"Allow Purchases?":"Y","Product Visible?":true,"Product Availability":"available","Track Inventory":"none","Current Stock Level":10,"Low Stock Level":2,"Category":"","Search Keywords":"fitness equipment, yoga mat, kettlebell, iron bull, gym equipment, exercise equipment, dumbbell,  crossfit, barbell, workout routines","Page Title":"","Meta Keywords":"fitness equipment"," yoga mat"," kettlebell"," iron bull"," gym equipment"," exercise equipment"," dumbbell","  crossfit"," barbell"," workout routines","Meta Description":"Fitness Equipment Wholesaler providing deals and savings on exercise equipment. Popular brands Apollo Athletics, Ironbull and more.","Product Condition":"New","Sort Order":0,"Product Tax Class":0,"Product UPC\/EAN":"8.92E+11","Product URL":"\/iron-bull-mens-1500lb-bar-ir2201\/"},{"Item Type":"product","Product ID":3726,"Product Name":"Iron Bull Mens Black and Chrome 1500lb Bar - IR2202","SKU":"IR2202","Brand Name":null,"Option Set Align":"right","Price":150.900000000000005684341886080801486968994140625,"Cost Price":0,"Retail Price":0,"Sale Price":0,"Fixed Shipping Cost":0,"Product Weight":45,"Product Width":4,"Product Height":87,"Product Depth":4,"Allow Purchases?":"Y","Product Visible?":true,"Product Availability":"available","Track Inventory":"none","Current Stock Level":10,"Low Stock Level":2,"Category":"","Search Keywords":"fitness equipment, yoga mat, kettlebell, iron bull, gym equipment, exercise equipment, dumbbell,  crossfit, barbell, workout routines","Page Title":"","Meta Keywords":"fitness equipment"," yoga mat"," kettlebell"," iron bull"," gym equipment"," exercise equipment"," dumbbell","  crossfit"," barbell"," workout routines","Meta Description":"Fitness Equipment Wholesaler providing deals and savings on exercise equipment. Popular brands Apollo Athletics, Ironbull and more.","Product Condition":"New","Sort Order":0,"Product Tax Class":0,"Product UPC\/EAN":"8.92E+11","Product URL":"\/iron-bull-mens-black-and-chrome-1500lb-bar-ir2202\/"},{"Item Type":"product","Product ID":3727,"Product Name":"Iron Bull Men's 1500lb  Black Bar - IR2203","SKU":"IR2203","Brand Name":null,"Option Set Align":"right","Price":150.900000000000005684341886080801486968994140625,"Cost Price":0,"Retail Price":0,"Sale Price":0,"Fixed Shipping Cost":0,"Product Weight":45,"Product Width":4,"Product Height":87,"Product Depth":4,"Allow Purchases?":"Y","Product Visible?":true,"Product Availability":"available","Track Inventory":"none","Current Stock Level":10,"Low Stock Level":2,"Category":"","Search Keywords":"fitness equipment, yoga mat, kettlebell, iron bull, gym equipment, exercise equipment, dumbbell,  crossfit, barbell, workout routines","Page Title":"","Meta Keywords":"fitness equipment"," yoga mat"," kettlebell"," iron bull"," gym equipment"," exercise equipment"," dumbbell","  crossfit"," barbell"," workout routines","Meta Description":"Fitness Equipment Wholesaler providing deals and savings on exercise equipment. Popular brands Apollo Athletics, Ironbull and more.","Product Condition":"New","Sort Order":0,"Product Tax Class":0,"Product UPC\/EAN":"8.92E+11","Product URL":"\/iron-bull-mens-1500lb-black-bar-ir2203\/"},{"Item Type":"product","Product ID":3728,"Product Name":"IR2204 Iron Bull Mens 1500 lbs Bar - IR2204","SKU":"IR2204","Brand Name":null,"Option Set Align":"right","Price":150.900000000000005684341886080801486968994140625,"Cost Price":0,"Retail Price":0,"Sale Price":0,"Fixed Shipping Cost":0,"Product Weight":44,"Product Width":87,"Product Height":3,"Product Depth":3,"Allow Purchases?":"Y","Product Visible?":false,"Product Availability":"available","Track Inventory":"none","Current Stock Level":10,"Low Stock Level":2,"Category":"","Search Keywords":"fitness equipment, yoga mat, kettlebell, iron bull, gym equipment, exercise equipment, dumbbell,  crossfit, barbell, workout routines","Page Title":"","Meta Keywords":"fitness equipment"," yoga mat"," kettlebell"," iron bull"," gym equipment"," exercise equipment"," dumbbell","  crossfit"," barbell"," workout routines","Meta Description":"Fitness Equipment Wholesaler providing deals and savings on exercise equipment. Popular brands Apollo Athletics, Ironbull and more.","Product Condition":"New","Sort Order":0,"Product Tax Class":0,"Product UPC\/EAN":"","Product URL":"\/ir2204-iron-bull-mens-1500-lbs-bar-ir2204\/"},{"Item Type":"product","Product ID":3729,"Product Name":"Iron Bull Woman's 1000lb Bar - IR2010","SKU":"IR2010","Brand Name":null,"Option Set Align":"right","Price":147.900000000000005684341886080801486968994140625,"Cost Price":0,"Retail Price":0,"Sale Price":0,"Fixed Shipping Cost":0,"Product Weight":34,"Product Width":4,"Product Height":87,"Product Depth":4,"Allow Purchases?":"Y","Product Visible?":true,"Product Availability":"available","Track Inventory":"none","Current Stock Level":10,"Low Stock Level":2,"Category":"","Search Keywords":"fitness equipment, yoga mat, kettlebell, iron bull, gym equipment, exercise equipment, dumbbell,  crossfit, barbell, workout routines","Page Title":"","Meta Keywords":"fitness equipment"," yoga mat"," kettlebell"," iron bull"," gym equipment"," exercise equipment"," dumbbell","  crossfit"," barbell"," workout routines","Meta Description":"Fitness Equipment Wholesaler providing deals and savings on exercise equipment. Popular brands Apollo Athletics, Ironbull and more.","Product Condition":"New","Sort Order":0,"Product Tax Class":0,"Product UPC\/EAN":"8.92E+11","Product URL":"\/iron-bull-womans-1000lb-bar-ir2010\/"},{"Item Type":"product","Product ID":3730,"Product Name":"Sledge Hammer","SKU":"S-hammer","Brand Name":null,"Option Set":36,"Option Set Align":"right","Price":19.199999999999999289457264239899814128875732421875,"Cost Price":0,"Retail Price":0,"Sale Price":0,"Fixed Shipping Cost":0,"Product Weight":10,"Product Width":6.5,"Product Height":30.25,"Product Depth":3,"Allow Purchases?":"Y","Product Visible?":true,"Product Availability":"available","Track Inventory":"none","Current Stock Level":100,"Low Stock Level":0,"Category":"","Search Keywords":"fitness equipment, yoga mat, kettlebell, iron bull, gym equipment, exercise equipment, dumbbell,  crossfit, barbell, workout routines","Page Title":"","Meta Keywords":"fitness equipment"," yoga mat"," kettlebell"," iron bull"," gym equipment"," exercise equipment"," dumbbell","  crossfit"," barbell"," workout routines","Meta Description":"Fitness Equipment Wholesaler providing deals and savings on exercise equipment. Popular brands Apollo Athletics, Ironbull and more.","Product Condition":"New","Sort Order":0,"Product Tax Class":0,"Product UPC\/EAN":"","Product URL":"\/sledge-hammer\/"},{"SKU":"S-hammer - 10","label":"10","option_id":433,"option_display_name":"Size","parentId":"S-hammer","price":19.199999999999999289457264239899814128875732421875},{"SKU":"S-hammer - 15","label":"15","option_id":433,"option_display_name":"Size","parentId":"S-hammer","price":19.199999999999999289457264239899814128875732421875},{"SKU":"S-hammer - 20","label":"20","option_id":433,"option_display_name":"Size","parentId":"S-hammer","price":38.39999999999999857891452847979962825775146484375},{"SKU":"S-hammer - 25","label":"25","option_id":433,"option_display_name":"Size","parentId":"S-hammer","price":46.5},{"SKU":"S-hammer - 30","label":"30","option_id":433,"option_display_name":"Size","parentId":"S-hammer","price":54.60000000000000142108547152020037174224853515625},{"Item Type":"product","Product ID":3731,"Product Name":"Mace Bell","SKU":"M-bell","Brand Name":null,"Option Set":37,"Option Set Align":"right","Price":20.199999999999999289457264239899814128875732421875,"Cost Price":0,"Retail Price":0,"Sale Price":0,"Fixed Shipping Cost":0,"Product Weight":10,"Product Width":4,"Product Height":4,"Product Depth":40,"Allow Purchases?":"Y","Product Visible?":true,"Product Availability":"available","Track Inventory":"none","Current Stock Level":140,"Low Stock Level":14,"Category":"","Search Keywords":"fitness equipment, yoga mat, kettlebell, iron bull, gym equipment, exercise equipment, dumbbell,  crossfit, barbell, workout routines","Page Title":"Mace Bells","Meta Keywords":"fitness equipment"," yoga mat"," kettlebell"," iron bull"," gym equipment"," exercise equipment"," dumbbell","  crossfit"," barbell"," workout routines","Meta Description":"Fitness Equipment Wholesaler providing deals and savings on exercise equipment. Popular brands Apollo Athletics, Ironbull and more.","Product Condition":"New","Sort Order":0,"Product Tax Class":0,"Product UPC\/EAN":"","Product URL":"\/mace-bell\/"},{"SKU":"M-bell - 10","label":"10","option_id":434,"option_display_name":"Lbs M-bell","parentId":"M-bell","price":54.60000000000000142108547152020037174224853515625},{"SKU":"M-bell - 15","label":"15","option_id":434,"option_display_name":"Lbs M-bell","parentId":"M-bell","price":54.60000000000000142108547152020037174224853515625},{"SKU":"M-bell - 20","label":"20","option_id":434,"option_display_name":"Lbs M-bell","parentId":"M-bell","price":54.60000000000000142108547152020037174224853515625},{"SKU":"M-bell - 25","label":"25","option_id":434,"option_display_name":"Lbs M-bell","parentId":"M-bell","price":54.60000000000000142108547152020037174224853515625},{"SKU":"M-bell - 30","label":"30","option_id":434,"option_display_name":"Lbs M-bell","parentId":"M-bell","price":54.60000000000000142108547152020037174224853515625},{"SKU":"M-bell - 35","label":"35","option_id":434,"option_display_name":"Lbs M-bell","parentId":"M-bell","price":54.60000000000000142108547152020037174224853515625},{"SKU":"M-bell - 40","label":"40","option_id":434,"option_display_name":"Lbs M-bell","parentId":"M-bell","price":54.60000000000000142108547152020037174224853515625},{"Item Type":"product","Product ID":3732,"Product Name":"Iron Power Clubs","SKU":"E-bat","Brand Name":null,"Option Set":38,"Option Set Align":"right","Price":11.21000000000000085265128291212022304534912109375,"Cost Price":0,"Retail Price":0,"Sale Price":0,"Fixed Shipping Cost":0,"Product Weight":5,"Product Width":2,"Product Height":15,"Product Depth":2,"Allow Purchases?":"Y","Product Visible?":true,"Product Availability":"available","Track Inventory":"none","Current Stock Level":80,"Low Stock Level":8,"Category":"","Search Keywords":"fitness equipment, yoga mat, kettlebell, iron bull, gym equipment, exercise equipment, dumbbell,  crossfit, barbell, workout routines","Page Title":"Iron Power Clubs","Meta Keywords":"fitness equipment"," yoga mat"," kettlebell"," iron bull"," gym equipment"," exercise equipment"," dumbbell","  crossfit"," barbell"," workout routines","Meta Description":"Fitness Equipment Wholesaler providing deals and savings on exercise equipment. Popular brands Apollo Athletics, Ironbull and more.","Product Condition":"New","Sort Order":0,"Product Tax Class":0,"Product UPC\/EAN":"","Product URL":"\/iron-power-clubs\/"},{"SKU":"E-bat - 5","label":"5","option_id":435,"option_display_name":"Size","parentId":"E-bat","price":54.60000000000000142108547152020037174224853515625},{"SKU":"E-bat - 10","label":"10","option_id":435,"option_display_name":"Size","parentId":"E-bat","price":54.60000000000000142108547152020037174224853515625},{"SKU":"E-bat - 15","label":"15","option_id":435,"option_display_name":"Size","parentId":"E-bat","price":54.60000000000000142108547152020037174224853515625},{"SKU":"E-bat - 20","label":"20","option_id":435,"option_display_name":"Size","parentId":"E-bat","price":54.60000000000000142108547152020037174224853515625},{"Item Type":"product","Product ID":3733,"Product Name":"Grey Cast Iron Hex Dumbbell","SKU":"HD","Brand Name":null,"Option Set":39,"Option Set Align":"right","Price":0.58999999999999996891375531049561686813831329345703125,"Cost Price":0,"Retail Price":0,"Sale Price":0,"Fixed Shipping Cost":0,"Product Weight":1,"Product Width":0,"Product Height":0,"Product Depth":0,"Allow Purchases?":"Y","Product Visible?":true,"Product Availability":"available","Track Inventory":"none","Current Stock Level":420,"Low Stock Level":8,"Category":"","Search Keywords":"fitness equipment, yoga mat, kettlebell, iron bull, gym equipment, exercise equipment, dumbbell,  crossfit, barbell, workout routines","Page Title":"Grey Cast Iron Hex Dumbbell","Meta Keywords":"fitness equipment"," yoga mat"," kettlebell"," iron bull"," gym equipment"," exercise equipment"," dumbbell","  crossfit"," barbell"," workout routines","Meta Description":"Fitness Equipment Wholesaler providing deals and savings on exercise equipment. Popular brands Apollo Athletics, Ironbull and more.","Product Condition":"New","Sort Order":0,"Product Tax Class":0,"Product UPC\/EAN":"","Product URL":"\/grey-cast-iron-hex-dumbbell\/"},{"SKU":"HD-1","label":"1 lbs","option_id":436,"option_display_name":"Size","parentId":"HD","price":0.58999999999999996891375531049561686813831329345703125},{"SKU":"HD-2","label":"2 lbs","option_id":436,"option_display_name":"Size","parentId":"HD","price":1.1799999999999999378275106209912337362766265869140625},{"SKU":"HD-3","label":"3 lbs","option_id":436,"option_display_name":"Size","parentId":"HD","price":1.770000000000000017763568394002504646778106689453125},{"SKU":"HD-5","label":"5 lbs","option_id":436,"option_display_name":"Size","parentId":"HD","price":2.95000000000000017763568394002504646778106689453125},{"SKU":"HD-10","label":"10 lbs","option_id":436,"option_display_name":"Size","parentId":"HD","price":4.71999999999999975131004248396493494510650634765625},{"SKU":"HD-12","label":"12 lbs","option_id":436,"option_display_name":"Size","parentId":"HD","price":5.9000000000000003552713678800500929355621337890625},{"SKU":"HD-15","label":"15 lbs","option_id":436,"option_display_name":"Size","parentId":"HD","price":8.8499999999999996447286321199499070644378662109375},{"SKU":"HD-20","label":"20 lbs","option_id":436,"option_display_name":"Size","parentId":"HD","price":11.800000000000000710542735760100185871124267578125},{"SKU":"HD-25","label":"25 lbs","option_id":436,"option_display_name":"Size","parentId":"HD","price":14.75},{"SKU":"HD-30","label":"30 lbs","option_id":436,"option_display_name":"Size","parentId":"HD","price":17.699999999999999289457264239899814128875732421875},{"SKU":"HD-35","label":"35 lbs","option_id":436,"option_display_name":"Size","parentId":"HD","price":20.64999999999999857891452847979962825775146484375},{"SKU":"HD-40","label":"40 lbs","option_id":436,"option_display_name":"Size","parentId":"HD","price":23.60000000000000142108547152020037174224853515625},{"SKU":"HD-45","label":"45 lbs","option_id":436,"option_display_name":"Size","parentId":"HD","price":26.550000000000000710542735760100185871124267578125},{"SKU":"HD-50","label":"50 lbs","option_id":436,"option_display_name":"Size","parentId":"HD","price":29.5},{"SKU":"HD-55","label":"55 lbs","option_id":436,"option_display_name":"Size","parentId":"HD","price":32.4500000000000028421709430404007434844970703125},{"SKU":"HD-60","label":"60 lbs","option_id":436,"option_display_name":"Size","parentId":"HD","price":35.39999999999999857891452847979962825775146484375},{"SKU":"HD-65","label":"65 lbs","option_id":436,"option_display_name":"Size","parentId":"HD","price":38.35000000000000142108547152020037174224853515625},{"SKU":"HD-70","label":"70 lbs","option_id":436,"option_display_name":"Size","parentId":"HD","price":41.2999999999999971578290569595992565155029296875},{"SKU":"HD-75","label":"75 lbs","option_id":436,"option_display_name":"Size","parentId":"HD","price":44.25},{"SKU":"HD-80","label":"80 lbs","option_id":436,"option_display_name":"Size","parentId":"HD","price":47.2000000000000028421709430404007434844970703125},{"SKU":"HD-85","label":"85 lbs","option_id":436,"option_display_name":"Size","parentId":"HD","price":50.14999999999999857891452847979962825775146484375},{"SKU":"HD-90","label":"90 lbs","option_id":436,"option_display_name":"Size","parentId":"HD","price":53.10000000000000142108547152020037174224853515625},{"SKU":"HD-95","label":"95 lbs","option_id":436,"option_display_name":"Size","parentId":"HD","price":56.0499999999999971578290569595992565155029296875},{"SKU":"HD-100","label":"100 lbs","option_id":436,"option_display_name":"Size","parentId":"HD","price":59},{"SKU":"HD-105","label":"105 lbs","option_id":436,"option_display_name":"Size","parentId":"HD","price":61.9500000000000028421709430404007434844970703125},{"SKU":"HD-110","label":"110 lbs","option_id":436,"option_display_name":"Size","parentId":"HD","price":64.900000000000005684341886080801486968994140625},{"SKU":"HD-115","label":"115 lbs","option_id":436,"option_display_name":"Size","parentId":"HD","price":67.849999999999994315658113919198513031005859375},{"SKU":"HD-120","label":"120 lbs","option_id":436,"option_display_name":"Size","parentId":"HD","price":70.7999999999999971578290569595992565155029296875},{"Item Type":"product","Product ID":3734,"Product Name":"Olympic Gray Plate","SKU":"GOD","Brand Name":null,"Option Set":40,"Option Set Align":"right","Price":5.9000000000000003552713678800500929355621337890625,"Cost Price":0,"Retail Price":0,"Sale Price":0,"Fixed Shipping Cost":0,"Product Weight":10,"Product Width":10.25,"Product Height":3,"Product Depth":10.25,"Allow Purchases?":"Y","Product Visible?":true,"Product Availability":"available","Track Inventory":"none","Current Stock Level":100,"Low Stock Level":13,"Category":"","Search Keywords":"fitness equipment, yoga mat, kettlebell, iron bull, gym equipment, exercise equipment, dumbbell,  crossfit, barbell, workout routines","Page Title":"","Meta Keywords":"fitness equipment"," yoga mat"," kettlebell"," iron bull"," gym equipment"," exercise equipment"," dumbbell","  crossfit"," barbell"," workout routines","Meta Description":"Fitness Equipment Wholesaler providing deals and savings on exercise equipment. Popular brands Apollo Athletics, Ironbull and more.","Product Condition":"New","Sort Order":0,"Product Tax Class":0,"Product UPC\/EAN":"","Product URL":"\/olympic-gray-plate\/"},{"SKU":"GOD-5","label":"5 lbs","option_id":437,"option_display_name":"Size","parentId":"GOD","price":70.7999999999999971578290569595992565155029296875},{"SKU":"GOD-10","label":"10 lbs","option_id":437,"option_display_name":"Size","parentId":"GOD","price":70.7999999999999971578290569595992565155029296875},{"SKU":"GOD-25","label":"25 lbs","option_id":437,"option_display_name":"Size","parentId":"GOD","price":70.7999999999999971578290569595992565155029296875},{"SKU":"GOD-35","label":"35 lbs","option_id":437,"option_display_name":"Size","parentId":"GOD","price":70.7999999999999971578290569595992565155029296875},{"SKU":"GOD-45","label":"45 lbs","option_id":437,"option_display_name":"Size","parentId":"GOD","price":70.7999999999999971578290569595992565155029296875},{"Item Type":"product","Product ID":3735,"Product Name":"Olympic Dark Gray Grip Plate","SKU":"GOG","Brand Name":null,"Option Set":40,"Option Set Align":"right","Price":1.479999999999999982236431605997495353221893310546875,"Cost Price":3.910000000000000142108547152020037174224853515625,"Retail Price":5.87000000000000010658141036401502788066864013671875,"Sale Price":4.82000000000000028421709430404007434844970703125,"Fixed Shipping Cost":0,"Product Weight":5,"Product Width":16.25,"Product Height":4,"Product Depth":9,"Allow Purchases?":"Y","Product Visible?":true,"Product Availability":"available","Track Inventory":"none","Current Stock Level":80,"Low Stock Level":0,"Category":"","Search Keywords":"fitness equipment, yoga mat, kettlebell, iron bull, gym equipment, exercise equipment, dumbbell,  crossfit, barbell, workout routines","Page Title":"","Meta Keywords":"fitness equipment"," yoga mat"," kettlebell"," iron bull"," gym equipment"," exercise equipment"," dumbbell","  crossfit"," barbell"," workout routines","Meta Description":"Fitness Equipment Wholesaler providing deals and savings on exercise equipment. Popular brands Apollo Athletics, Ironbull and more.","Product Condition":"New","Sort Order":0,"Product Tax Class":0,"Product UPC\/EAN":"","Product URL":"\/olympic-dark-gray-grip-plate\/"},{"SKU":"GOG-5","label":"5 lbs","option_id":438,"option_display_name":"Size","parentId":"GOG","price":70.7999999999999971578290569595992565155029296875},{"SKU":"GOG-10","label":"10 lbs","option_id":438,"option_display_name":"Size","parentId":"GOG","price":70.7999999999999971578290569595992565155029296875},{"SKU":"GOG-25","label":"25 lbs","option_id":438,"option_display_name":"Size","parentId":"GOG","price":70.7999999999999971578290569595992565155029296875},{"SKU":"GOG-35","label":"35 lbs","option_id":438,"option_display_name":"Size","parentId":"GOG","price":70.7999999999999971578290569595992565155029296875},{"SKU":"GOG-45","label":"45 lbs","option_id":438,"option_display_name":"Size","parentId":"GOG","price":70.7999999999999971578290569595992565155029296875},{"Item Type":"product","Product ID":3736,"Product Name":"Rubber Olympic Bumper Plates","SKU":"ROBS","Brand Name":null,"Option Set":28,"Option Set Align":"right","Price":14.199999999999999289457264239899814128875732421875,"Cost Price":0,"Retail Price":0,"Sale Price":0,"Fixed Shipping Cost":0,"Product Weight":10,"Product Width":18.25,"Product Height":2.5,"Product Depth":18.25,"Allow Purchases?":"Y","Product Visible?":true,"Product Availability":"available","Track Inventory":"none","Current Stock Level":100,"Low Stock Level":0,"Category":"","Search Keywords":"fitness equipment, yoga mat, kettlebell, iron bull, gym equipment, exercise equipment, dumbbell,  crossfit, barbell, workout routines","Page Title":"","Meta Keywords":"fitness equipment"," yoga mat"," kettlebell"," iron bull"," gym equipment"," exercise equipment"," dumbbell","  crossfit"," barbell"," workout routines","Meta Description":"Fitness Equipment Wholesaler providing deals and savings on exercise equipment. Popular brands Apollo Athletics, Ironbull and more.","Product Condition":"New","Sort Order":0,"Product Tax Class":0,"Product UPC\/EAN":"","Product URL":"\/rubber-olympic-bumper-plates\/"},{"SKU":"ROBS-10","label":"10 lbs","option_id":439,"option_display_name":"Size","parentId":"ROBS","price":14.199999999999999289457264239899814128875732421875},{"SKU":"ROBS-15","label":"15 lbs","option_id":439,"option_display_name":"Size","parentId":"ROBS","price":19.5},{"SKU":"ROBS-25","label":"25 lbs","option_id":439,"option_display_name":"Size","parentId":"ROBS","price":32.5},{"SKU":"ROBS-35","label":"35 lbs","option_id":439,"option_display_name":"Size","parentId":"ROBS","price":45.5},{"SKU":"ROBS-45","label":"45 lbs","option_id":439,"option_display_name":"Size","parentId":"ROBS","price":58.5},{"Item Type":"product","Product ID":3737,"Product Name":"Slam Ball","SKU":"S-ball","Brand Name":null,"Option Set":184,"Option Set Align":"right","Price":13.1300000000000007815970093361102044582366943359375,"Cost Price":0,"Retail Price":0,"Sale Price":0,"Fixed Shipping Cost":0,"Product Weight":6,"Product Width":10.5,"Product Height":20,"Product Depth":10.5,"Allow Purchases?":"Y","Product Visible?":true,"Product Availability":"available","Track Inventory":"none","Current Stock Level":129,"Low Stock Level":0,"Category":"","Search Keywords":"fitness equipment, yoga mat, kettlebell, iron bull, gym equipment, exercise equipment, dumbbell,  crossfit, barbell, workout routines","Page Title":"Slam Ball","Meta Keywords":"fitness equipment"," yoga mat"," kettlebell"," iron bull"," gym equipment"," exercise equipment"," dumbbell","  crossfit"," barbell"," workout routines","Meta Description":"Fitness Equipment Wholesaler providing deals and savings on exercise equipment. Popular brands Apollo Athletics, Ironbull and more.","Product Condition":"New","Sort Order":0,"Product Tax Class":0,"Product UPC\/EAN":"","Product URL":"\/slam-ball\/"},{"SKU":"S-ball- 6","label":"6 lbs","option_id":441,"option_display_name":"Size","parentId":"S-ball","price":13.1300000000000007815970093361102044582366943359375},{"SKU":"S-ball- 10","label":"10 lbs","option_id":441,"option_display_name":"Size","parentId":"S-ball","price":16.53999999999999914734871708787977695465087890625},{"SKU":"S-ball- 15","label":"15 lbs","option_id":441,"option_display_name":"Size","parentId":"S-ball","price":20.739999999999998436805981327779591083526611328125},{"SKU":"S-ball-20","label":"20 lbs","option_id":441,"option_display_name":"Size","parentId":"S-ball","price":24.940000000000001278976924368180334568023681640625},{"SKU":"S-ball-25","label":"25 lbs","option_id":441,"option_display_name":"Size","parentId":"S-ball","price":29.190000000000001278976924368180334568023681640625},{"SKU":"S-ball-30","label":"30 lbs","option_id":441,"option_display_name":"Size","parentId":"S-ball","price":33.5499999999999971578290569595992565155029296875},{"SKU":"S-ball-35","label":"35 lbs","option_id":441,"option_display_name":"Size","parentId":"S-ball","price":37.2000000000000028421709430404007434844970703125},{"SKU":"S-ball-40","label":"40 lbs","option_id":441,"option_display_name":"Size","parentId":"S-ball","price":41.2999999999999971578290569595992565155029296875},{"SKU":"S-ball-45","label":"45 lbs","option_id":441,"option_display_name":"Size","parentId":"S-ball","price":45.39999999999999857891452847979962825775146484375},{"SKU":"S-ball-50","label":"50 lbs","option_id":441,"option_display_name":"Size","parentId":"S-ball","price":49.5},{"Item Type":"product","Product ID":3738,"Product Name":"Rubber Hex Dumbbell","SKU":"HDRS","Brand Name":null,"Option Set":183,"Option Set Align":"right","Price":2.7599999999999997868371792719699442386627197265625,"Cost Price":0,"Retail Price":0,"Sale Price":0,"Fixed Shipping Cost":0,"Product Weight":3,"Product Width":9.75,"Product Height":6,"Product Depth":3.5,"Allow Purchases?":"Y","Product Visible?":true,"Product Availability":"available","Track Inventory":"none","Current Stock Level":416,"Low Stock Level":0,"Category":"","Search Keywords":"fitness equipment, yoga mat, kettlebell, iron bull, gym equipment, exercise equipment, dumbbell,  crossfit, barbell, workout routines","Page Title":"","Meta Keywords":"fitness equipment"," yoga mat"," kettlebell"," iron bull"," gym equipment"," exercise equipment"," dumbbell","  crossfit"," barbell"," workout routines","Meta Description":"Fitness Equipment Wholesaler providing deals and savings on exercise equipment. Popular brands Apollo Athletics, Ironbull and more.","Product Condition":"New","Sort Order":0,"Product Tax Class":0,"Product UPC\/EAN":"","Product URL":"\/rubber-hex-dumbbell\/"},{"SKU":"HDRS  -3","label":"3 lbs","option_id":440,"option_display_name":"Size","parentId":"HDRS","price":49.5},{"SKU":"HDRS  -5","label":"5 lbs","option_id":440,"option_display_name":"Size","parentId":"HDRS","price":49.5},{"SKU":"HDRS  -8","label":"8 lbs","option_id":440,"option_display_name":"Size","parentId":"HDRS","price":49.5},{"SKU":"HDRS -10","label":"10 lbs","option_id":440,"option_display_name":"Size","parentId":"HDRS","price":49.5},{"SKU":"HDRS -12","label":"12 lbs","option_id":440,"option_display_name":"Size","parentId":"HDRS","price":49.5},{"SKU":"HDRS -15","label":"15 lbs","option_id":440,"option_display_name":"Size","parentId":"HDRS","price":49.5},{"SKU":"HDRS -20","label":"20 lbs","option_id":440,"option_display_name":"Size","parentId":"HDRS","price":49.5},{"SKU":"HDRS -25","label":"25 lbs","option_id":440,"option_display_name":"Size","parentId":"HDRS","price":49.5},{"SKU":"HDRS -30","label":"30 lbs","option_id":440,"option_display_name":"Size","parentId":"HDRS","price":49.5},{"SKU":"HDRS -35","label":"35 lbs","option_id":440,"option_display_name":"Size","parentId":"HDRS","price":49.5},{"SKU":"HDRS -40","label":"40 lbs","option_id":440,"option_display_name":"Size","parentId":"HDRS","price":49.5},{"SKU":"HDRS -45","label":"45 lbs","option_id":440,"option_display_name":"Size","parentId":"HDRS","price":49.5},{"SKU":"HDRS -50","label":"50 lbs","option_id":440,"option_display_name":"Size","parentId":"HDRS","price":49.5},{"SKU":"HDRS -55","label":"55 lbs","option_id":440,"option_display_name":"Size","parentId":"HDRS","price":49.5},{"SKU":"HDRS -60","label":"60 lbs","option_id":440,"option_display_name":"Size","parentId":"HDRS","price":49.5},{"SKU":"HDRS -65","label":"65 lbs","option_id":440,"option_display_name":"Size","parentId":"HDRS","price":49.5},{"SKU":"HDRS -70","label":"70 lbs","option_id":440,"option_display_name":"Size","parentId":"HDRS","price":49.5},{"SKU":"HDRS -75","label":"75 lbs","option_id":440,"option_display_name":"Size","parentId":"HDRS","price":49.5},{"SKU":"HDRS -80","label":"80 lbs","option_id":440,"option_display_name":"Size","parentId":"HDRS","price":49.5},{"SKU":"HDRS -85","label":"85 lbs","option_id":440,"option_display_name":"Size","parentId":"HDRS","price":49.5},{"SKU":"HDRS -90","label":"90 lbs","option_id":440,"option_display_name":"Size","parentId":"HDRS","price":49.5},{"SKU":"HDRS -95","label":"95 lbs","option_id":440,"option_display_name":"Size","parentId":"HDRS","price":49.5},{"SKU":"HDRS-100","label":"100 lbs","option_id":440,"option_display_name":"Size","parentId":"HDRS","price":49.5},{"SKU":"HDRS -5 to 50LB set pair","label":"5-50 set","option_id":440,"option_display_name":"Size","parentId":"HDRS","price":49.5},{"SKU":"HDRS -5 to 100LB set pair","label":"55-100 set","option_id":440,"option_display_name":"Size","parentId":"HDRS","price":49.5},{"Item Type":"product","Product ID":3739,"Product Name":"Gray 1-inch Plate","SKU":"GR","Brand Name":null,"Option Set":185,"Option Set Align":"right","Price":0.7399999999999999911182158029987476766109466552734375,"Cost Price":0,"Retail Price":0,"Sale Price":0,"Fixed Shipping Cost":0,"Product Weight":1.25,"Product Width":0,"Product Height":0,"Product Depth":0,"Allow Purchases?":"Y","Product Visible?":true,"Product Availability":"available","Track Inventory":"none","Current Stock Level":170,"Low Stock Level":0,"Category":"","Search Keywords":"fitness equipment, yoga mat, kettlebell, iron bull, gym equipment, exercise equipment, dumbbell,  crossfit, barbell, workout routines","Page Title":"","Meta Keywords":"fitness equipment"," yoga mat"," kettlebell"," iron bull"," gym equipment"," exercise equipment"," dumbbell","  crossfit"," barbell"," workout routines","Meta Description":"Fitness Equipment Wholesaler providing deals and savings on exercise equipment. Popular brands Apollo Athletics, Ironbull and more.","Product Condition":"New","Sort Order":0,"Product Tax Class":0,"Product UPC\/EAN":"","Product URL":"\/gray-1-inch-plate\/"},{"SKU":"GR-1.25","label":"1.25 lbs","option_id":442,"option_display_name":"Size","parentId":"GR","price":0.7399999999999999911182158029987476766109466552734375},{"SKU":"GR- 2.5","label":"2.5 lbs","option_id":442,"option_display_name":"Size","parentId":"GR","price":1.479999999999999982236431605997495353221893310546875},{"SKU":"GR- 5","label":"5 lbs","option_id":442,"option_display_name":"Size","parentId":"GR","price":2.95000000000000017763568394002504646778106689453125},{"SKU":"GR- 7.5","label":"7.5 lbs","option_id":442,"option_display_name":"Size","parentId":"GR","price":4.42999999999999971578290569595992565155029296875},{"SKU":"GR- 10","label":"10 lbs","option_id":442,"option_display_name":"Size","parentId":"GR","price":5.9000000000000003552713678800500929355621337890625},{"SKU":"GR-12.5","label":"12.5 lbs","option_id":442,"option_display_name":"Size","parentId":"GR","price":7.37999999999999989341858963598497211933135986328125},{"SKU":"GR-20","label":"20 lbs","option_id":442,"option_display_name":"Size","parentId":"GR","price":11.800000000000000710542735760100185871124267578125},{"SKU":"GR-25","label":"25 lbs","option_id":442,"option_display_name":"Size","parentId":"GR","price":14.75},{"SKU":"GR-50","label":"50 lbs","option_id":442,"option_display_name":"Size","parentId":"GR","price":29.5},{"Item Type":"product","Product ID":3740,"Product Name":"KB Series  -Kettlebell (lbs)","SKU":"KB #","Brand Name":null,"Option Set":186,"Option Set Align":"right","Price":4.54999999999999982236431605997495353221893310546875,"Cost Price":0,"Retail Price":0,"Sale Price":0,"Fixed Shipping Cost":0,"Product Weight":5,"Product Width":8.269999999999999573674358543939888477325439453125,"Product Height":12.5999999999999996447286321199499070644378662109375,"Product Depth":8.269999999999999573674358543939888477325439453125,"Allow Purchases?":"Y","Product Visible?":false,"Product Availability":"available","Track Inventory":"none","Current Stock Level":190,"Low Stock Level":20,"Category":"","Search Keywords":"fitness equipment, yoga mat, kettlebell, iron bull, gym equipment, exercise equipment, dumbbell,  crossfit, barbell, workout routines","Page Title":"KB seires -Kettlebells  in LBS","Meta Keywords":"fitness equipment"," yoga mat"," kettlebell"," iron bull"," gym equipment"," exercise equipment"," dumbbell","  crossfit"," barbell"," workout routines","Meta Description":"Fitness Equipment Wholesaler providing deals and savings on exercise equipment. Popular brands Apollo Athletics, Ironbull and more.","Product Condition":"New","Sort Order":3,"Product Tax Class":0,"Product UPC\/EAN":"","Product URL":"\/kb-series-kettlebell-lbs\/"},{"SKU":"KB - 5#","label":"5 lbs","option_id":443,"option_display_name":"Size","parentId":"KB #","price":29.5},{"SKU":"KB -10#","label":"10 lbs","option_id":443,"option_display_name":"Size","parentId":"KB #","price":29.5},{"SKU":"KB -15#","label":"15 lbs","option_id":443,"option_display_name":"Size","parentId":"KB #","price":29.5},{"SKU":"KB -20#","label":"20 lbs","option_id":443,"option_display_name":"Size","parentId":"KB #","price":29.5},{"SKU":"KB -25#","label":"25 lbs","option_id":443,"option_display_name":"Size","parentId":"KB #","price":29.5},{"SKU":"KB -30#","label":"30 lbs","option_id":443,"option_display_name":"Size","parentId":"KB #","price":29.5},{"SKU":"KB -35#","label":"35 lbs","option_id":443,"option_display_name":"Size","parentId":"KB #","price":29.5},{"SKU":"KB -40#","label":"40 lbs","option_id":443,"option_display_name":"Size","parentId":"KB #","price":29.5},{"SKU":"KB -45#","label":"45 lbs","option_id":443,"option_display_name":"Size","parentId":"KB #","price":29.5},{"SKU":"KB#-50","label":"50 lbs","option_id":443,"option_display_name":"Size","parentId":"KB #","price":29.5},{"Item Type":"product","Product ID":3741,"Product Name":"KBH series - Highend Kettlebell","SKU":"KBH","Brand Name":null,"Option Set":187,"Option Set Align":"right","Price":8.46000000000000085265128291212022304534912109375,"Cost Price":0,"Retail Price":0,"Sale Price":0,"Fixed Shipping Cost":0,"Product Weight":9,"Product Width":8.5,"Product Height":10.75,"Product Depth":10.25,"Allow Purchases?":"Y","Product Visible?":true,"Product Availability":"available","Track Inventory":"none","Current Stock Level":58,"Low Stock Level":24,"Category":"","Search Keywords":"fitness equipment, yoga mat, kettlebell, iron bull, gym equipment, exercise equipment, dumbbell,  crossfit, barbell, workout routines","Page Title":"","Meta Keywords":"fitness equipment"," yoga mat"," kettlebell"," iron bull"," gym equipment"," exercise equipment"," dumbbell","  crossfit"," barbell"," workout routines","Meta Description":"Fitness Equipment Wholesaler providing deals and savings on exercise equipment. Popular brands Apollo Athletics, Ironbull and more.","Product Condition":"New","Sort Order":5,"Product Tax Class":0,"Product UPC\/EAN":"","Product URL":"\/kbh-series-highend-kettlebell\/"},{"SKU":"KBH -4","label":"4 kg","option_id":444,"option_display_name":"KBH Kettlebell","parentId":"KBH","price":8.46000000000000085265128291212022304534912109375},{"SKU":"KBH -8","label":"8 kg","option_id":444,"option_display_name":"KBH Kettlebell","parentId":"KBH","price":16.9200000000000017053025658242404460906982421875},{"SKU":"KBH-12","label":"12 kg","option_id":444,"option_display_name":"KBH Kettlebell","parentId":"KBH","price":24.440000000000001278976924368180334568023681640625},{"SKU":"KBH-16","label":"16 kg","option_id":444,"option_display_name":"KBH Kettlebell","parentId":"KBH","price":32.89999999999999857891452847979962825775146484375},{"SKU":"KBH-20","label":"20 kg","option_id":444,"option_display_name":"KBH Kettlebell","parentId":"KBH","price":41.3599999999999994315658113919198513031005859375},{"SKU":"KBH-24","label":"24 kg","option_id":444,"option_display_name":"KBH Kettlebell","parentId":"KBH","price":49.82000000000000028421709430404007434844970703125},{"SKU":"KBH-28","label":"28 kg","option_id":444,"option_display_name":"KBH Kettlebell","parentId":"KBH","price":58.280000000000001136868377216160297393798828125},{"SKU":"KBH-32","label":"32 kg","option_id":444,"option_display_name":"KBH Kettlebell","parentId":"KBH","price":65.7999999999999971578290569595992565155029296875},{"SKU":"KBH-36","label":"36 kg","option_id":444,"option_display_name":"KBH Kettlebell","parentId":"KBH","price":74.2600000000000051159076974727213382720947265625},{"SKU":"KBH-40","label":"40 kg","option_id":444,"option_display_name":"KBH Kettlebell","parentId":"KBH","price":82.719999999999998863131622783839702606201171875},{"SKU":"KBH-44","label":"44 kg","option_id":444,"option_display_name":"KBH Kettlebell","parentId":"KBH","price":91.18000000000000682121026329696178436279296875},{"SKU":"KBH-48","label":"48 kg","option_id":444,"option_display_name":"KBH Kettlebell","parentId":"KBH","price":99.6400000000000005684341886080801486968994140625},{"Item Type":"product","Product ID":3742,"Product Name":"Neoprene Kettlebell","SKU":"KBN","Brand Name":null,"Option Set":188,"Option Set Align":"right","Price":5.20000000000000017763568394002504646778106689453125,"Cost Price":0,"Retail Price":0,"Sale Price":0,"Fixed Shipping Cost":0,"Product Weight":5,"Product Width":6,"Product Height":7,"Product Depth":4,"Allow Purchases?":"Y","Product Visible?":true,"Product Availability":"available","Track Inventory":"none","Current Stock Level":60,"Low Stock Level":12,"Category":"","Search Keywords":"fitness equipment, yoga mat, kettlebell, iron bull, gym equipment, exercise equipment, dumbbell,  crossfit, barbell, workout routines","Page Title":"Neoprene Kettlebell","Meta Keywords":"fitness equipment"," yoga mat"," kettlebell"," iron bull"," gym equipment"," exercise equipment"," dumbbell","  crossfit"," barbell"," workout routines","Meta Description":"Fitness Equipment Wholesaler providing deals and savings on exercise equipment. Popular brands Apollo Athletics, Ironbull and more.","Product Condition":"New","Sort Order":2,"Product Tax Class":0,"Product UPC\/EAN":"","Product URL":"\/neoprene-kettlebell\/"},{"SKU":"KBN- 5#","label":"5 lbs","option_id":445,"option_display_name":"Size","parentId":"KBN","price":99.6400000000000005684341886080801486968994140625},{"SKU":"KBN-10#","label":"10 lbs","option_id":445,"option_display_name":"Size","parentId":"KBN","price":99.6400000000000005684341886080801486968994140625},{"SKU":"KBN-15#","label":"15 lbs","option_id":445,"option_display_name":"Size","parentId":"KBN","price":99.6400000000000005684341886080801486968994140625},{"SKU":"KBN-20#","label":"20 lbs","option_id":445,"option_display_name":"Size","parentId":"KBN","price":99.6400000000000005684341886080801486968994140625},{"SKU":"KBN-25#","label":"25 lbs","option_id":445,"option_display_name":"Size","parentId":"KBN","price":99.6400000000000005684341886080801486968994140625},{"SKU":"KBN-30#","label":"30 lbs","option_id":445,"option_display_name":"Size","parentId":"KBN","price":99.6400000000000005684341886080801486968994140625},{"Item Type":"product","Product ID":3743,"Product Name":"Wall Balls","SKU":"W-ball","Brand Name":null,"Option Set":189,"Option Set Align":"right","Price":0,"Cost Price":0,"Retail Price":0,"Sale Price":0,"Fixed Shipping Cost":0,"Product Warranty":"Warranty: 120 days in-home-use Limited Warranty","Product Weight":8,"Product Width":7.5,"Product Height":10,"Product Depth":5.5,"Allow Purchases?":"Y","Product Visible?":true,"Product Availability":"available","Track Inventory":"none","Current Stock Level":56,"Low Stock Level":12,"Category":"","Search Keywords":"fitness equipment, yoga mat, kettlebell, iron bull, gym equipment, exercise equipment, dumbbell,  crossfit, barbell, workout routines","Page Title":"Wall Balls","Meta Keywords":"fitness equipment"," yoga mat"," kettlebell"," iron bull"," gym equipment"," exercise equipment"," dumbbell","  crossfit"," barbell"," workout routines","Meta Description":"Fitness Equipment Wholesaler providing deals and savings on exercise equipment. Popular brands Apollo Athletics, Ironbull and more.","Product Condition":"New","Sort Order":0,"Product Tax Class":0,"Product UPC\/EAN":"","Product URL":"\/wall-balls\/"},{"SKU":"W-Ball- 8","label":"8 lbs","option_id":446,"option_display_name":"Size","parentId":"W-ball","price":36},{"SKU":"W-Ball-10","label":"10 lbs","option_id":446,"option_display_name":"Size","parentId":"W-ball","price":39},{"SKU":"W-Ball-15","label":"15 lbs","option_id":446,"option_display_name":"Size","parentId":"W-ball","price":39.5},{"SKU":"W-Ball-20","label":"20 lbs","option_id":446,"option_display_name":"Size","parentId":"W-ball","price":42},{"SKU":"W-Ball-25","label":"25 lbs","option_id":446,"option_display_name":"Size","parentId":"W-ball","price":45},{"SKU":"W-Ball-30","label":"30 lbs","option_id":446,"option_display_name":"Size","parentId":"W-ball","price":47.60000000000000142108547152020037174224853515625},{"Item Type":"product","Product ID":3744,"Product Name":"2- tier Dumbbell Rack","SKU":"DBR-2","Brand Name":null,"Option Set Align":"right","Price":74.2699999999999960209606797434389591217041015625,"Cost Price":0,"Retail Price":0,"Sale Price":0,"Fixed Shipping Cost":0,"Product Warranty":"Warranty: 120 days in-home-use Limited Warranty","Product Weight":54,"Product Width":34,"Product Height":4,"Product Depth":19,"Allow Purchases?":"Y","Product Visible?":true,"Product Availability":"available","Track Inventory":"none","Current Stock Level":10,"Low Stock Level":0,"Category":"","Search Keywords":"fitness equipment, yoga mat, kettlebell, iron bull, gym equipment, exercise equipment, dumbbell,  crossfit, barbell, workout routines","Page Title":"","Meta Keywords":"fitness equipment"," yoga mat"," kettlebell"," iron bull"," gym equipment"," exercise equipment"," dumbbell","  crossfit"," barbell"," workout routines","Meta Description":"Fitness Equipment Wholesaler providing deals and savings on exercise equipment. Popular brands Apollo Athletics, Ironbull and more.","Product Condition":"New","Sort Order":0,"Product Tax Class":0,"Product UPC\/EAN":"","Product URL":"\/2-tier-dumbbell-rack\/"},{"Item Type":"product","Product ID":3745,"Product Name":"3- tier Dumbbell Rack","SKU":"DBR-3S","Brand Name":null,"Option Set Align":"right","Price":77.56999999999999317878973670303821563720703125,"Cost Price":0,"Retail Price":0,"Sale Price":0,"Fixed Shipping Cost":0,"Product Warranty":"Warranty: 120 days in-home-use Limited Warranty","Product Weight":56,"Product Width":24,"Product Height":35,"Product Depth":0,"Allow Purchases?":"Y","Product Visible?":true,"Product Availability":"available","Track Inventory":"none","Current Stock Level":2,"Low Stock Level":0,"Category":"","Search Keywords":"fitness equipment, yoga mat, kettlebell, iron bull, gym equipment, exercise equipment, dumbbell,  crossfit, barbell, workout routines","Page Title":"","Meta Keywords":"fitness equipment"," yoga mat"," kettlebell"," iron bull"," gym equipment"," exercise equipment"," dumbbell","  crossfit"," barbell"," workout routines","Meta Description":"Fitness Equipment Wholesaler providing deals and savings on exercise equipment. Popular brands Apollo Athletics, Ironbull and more.","Product Condition":"New","Sort Order":0,"Product Tax Class":0,"Product UPC\/EAN":"","Product URL":"\/3-tier-dumbbell-rack\/"},{"Item Type":"product","Product ID":3746,"Product Name":"3- tier rack for Rubber Hex-Dumbbells","SKU":"DBR-3R","Brand Name":null,"Option Set Align":"right","Price":122,"Cost Price":0,"Retail Price":0,"Sale Price":0,"Fixed Shipping Cost":0,"Product Warranty":"Warranty: 120 days in-home-use Limited Warranty","Product Weight":88,"Product Width":57,"Product Height":37,"Product Depth":11,"Allow Purchases?":"Y","Product Visible?":true,"Product Availability":"available","Track Inventory":"none","Current Stock Level":10,"Low Stock Level":0,"Category":"","Search Keywords":"fitness equipment, yoga mat, kettlebell, iron bull, gym equipment, exercise equipment, dumbbell,  crossfit, barbell, workout routines","Page Title":"","Meta Keywords":"fitness equipment"," yoga mat"," kettlebell"," iron bull"," gym equipment"," exercise equipment"," dumbbell","  crossfit"," barbell"," workout routines","Meta Description":"Fitness Equipment Wholesaler providing deals and savings on exercise equipment. Popular brands Apollo Athletics, Ironbull and more.","Product Condition":"New","Sort Order":0,"Product Tax Class":0,"Product UPC\/EAN":"","Product URL":"\/3-tier-rack-for-rubber-hex-dumbbells\/"},{"Item Type":"product","Product ID":3747,"Product Name":"A-frame Dumbbell Rack","SKU":"DBR-A","Brand Name":null,"Option Set Align":"right","Price":62.27000000000000312638803734444081783294677734375,"Cost Price":0,"Retail Price":0,"Sale Price":0,"Fixed Shipping Cost":0,"Product Warranty":"Warranty: 120 days in-home-use Limited Warranty","Product Weight":31,"Product Width":33,"Product Height":20,"Product Depth":0,"Allow Purchases?":"Y","Product Visible?":true,"Product Availability":"available","Track Inventory":"none","Current Stock Level":15,"Low Stock Level":0,"Category":"","Search Keywords":"fitness equipment, yoga mat, kettlebell, iron bull, gym equipment, exercise equipment, dumbbell,  crossfit, barbell, workout routines","Page Title":"","Meta Keywords":"fitness equipment"," yoga mat"," kettlebell"," iron bull"," gym equipment"," exercise equipment"," dumbbell","  crossfit"," barbell"," workout routines","Meta Description":"Fitness Equipment Wholesaler providing deals and savings on exercise equipment. Popular brands Apollo Athletics, Ironbull and more.","Product Condition":"New","Sort Order":0,"Product Tax Class":0,"Product UPC\/EAN":"","Product URL":"\/a-frame-dumbbell-rack\/"},{"Item Type":"product","Product ID":3748,"Product Name":"2-tier Kettlebell Rack","SKU":"KB-R","Brand Name":null,"Option Set Align":"right","Price":116.9200000000000017053025658242404460906982421875,"Cost Price":0,"Retail Price":0,"Sale Price":0,"Fixed Shipping Cost":0,"Product Warranty":"Warranty: 120 days in-home-use Limited Warranty","Product Weight":96,"Product Width":53.5,"Product Height":26,"Product Depth":6,"Allow Purchases?":"Y","Product Visible?":true,"Product Availability":"available","Track Inventory":"none","Current Stock Level":10,"Low Stock Level":0,"Category":"","Search Keywords":"fitness equipment, yoga mat, kettlebell, iron bull, gym equipment, exercise equipment, dumbbell,  crossfit, barbell, workout routines","Page Title":"","Meta Keywords":"fitness equipment"," yoga mat"," kettlebell"," iron bull"," gym equipment"," exercise equipment"," dumbbell","  crossfit"," barbell"," workout routines","Meta Description":"Fitness Equipment Wholesaler providing deals and savings on exercise equipment. Popular brands Apollo Athletics, Ironbull and more.","Product Condition":"New","Sort Order":6,"Product Tax Class":0,"Product UPC\/EAN":"","Product URL":"\/2-tier-kettlebell-rack\/"},{"Item Type":"product","Product ID":3749,"Product Name":"Olympic Plate Tree","SKU":"OPT","Brand Name":null,"Option Set Align":"right","Price":37.60000000000000142108547152020037174224853515625,"Cost Price":0,"Retail Price":0,"Sale Price":0,"Fixed Shipping Cost":0,"Product Warranty":"Warranty: 120 days In House Limited Warranty","Product Weight":24,"Product Width":37,"Product Height":2,"Product Depth":30,"Allow Purchases?":"Y","Product Visible?":true,"Product Availability":"available","Track Inventory":"none","Current Stock Level":20,"Low Stock Level":0,"Category":"","Search Keywords":"fitness equipment, yoga mat, kettlebell, iron bull, gym equipment, exercise equipment, dumbbell,  crossfit, barbell, workout routines","Page Title":"","Meta Keywords":"fitness equipment"," yoga mat"," kettlebell"," iron bull"," gym equipment"," exercise equipment"," dumbbell","  crossfit"," barbell"," workout routines","Meta Description":"Fitness Equipment Wholesaler providing deals and savings on exercise equipment. Popular brands Apollo Athletics, Ironbull and more.","Product Condition":"New","Sort Order":0,"Product Tax Class":0,"Product UPC\/EAN":"","Product URL":"\/olympic-plate-tree\/"},{"Item Type":"product","Product ID":3750,"Product Name":"Standard Plate Tree","SKU":"SPT","Brand Name":null,"Option Set Align":"right","Price":33.7999999999999971578290569595992565155029296875,"Cost Price":0,"Retail Price":0,"Sale Price":0,"Fixed Shipping Cost":0,"Product Warranty":"Warranty: 120 days in-home-use Limited Warranty","Product Weight":24,"Product Width":28,"Product Height":14,"Product Depth":35,"Allow Purchases?":"Y","Product Visible?":true,"Product Availability":"available","Track Inventory":"none","Current Stock Level":20,"Low Stock Level":0,"Category":"","Search Keywords":"fitness equipment, yoga mat, kettlebell, iron bull, gym equipment, exercise equipment, dumbbell,  crossfit, barbell, workout routines","Page Title":"","Meta Keywords":"fitness equipment"," yoga mat"," kettlebell"," iron bull"," gym equipment"," exercise equipment"," dumbbell","  crossfit"," barbell"," workout routines","Meta Description":"Fitness Equipment Wholesaler providing deals and savings on exercise equipment. Popular brands Apollo Athletics, Ironbull and more.","Product Condition":"New","Sort Order":0,"Product Tax Class":0,"Product UPC\/EAN":"","Product URL":"\/standard-plate-tree\/"},{"Item Type":"product","Product ID":3751,"Product Name":"9 Pieces Bar Holder","SKU":"DR-5","Brand Name":null,"Option Set Align":"right","Price":67.75,"Cost Price":0,"Retail Price":0,"Sale Price":0,"Fixed Shipping Cost":0,"Product Warranty":"Warranty: 120 days in-home-use Limited Warranty","Product Weight":35,"Product Width":20,"Product Height":20,"Product Depth":8,"Allow Purchases?":"Y","Product Visible?":true,"Product Availability":"available","Track Inventory":"none","Current Stock Level":10,"Low Stock Level":0,"Category":"","Search Keywords":"fitness equipment, yoga mat, kettlebell, iron bull, gym equipment, exercise equipment, dumbbell,  crossfit, barbell, workout routines","Page Title":"","Meta Keywords":"fitness equipment"," yoga mat"," kettlebell"," iron bull"," gym equipment"," exercise equipment"," dumbbell","  crossfit"," barbell"," workout routines","Meta Description":"Fitness Equipment Wholesaler providing deals and savings on exercise equipment. Popular brands Apollo Athletics, Ironbull and more.","Product Condition":"New","Sort Order":0,"Product Tax Class":0,"Product UPC\/EAN":"","Product URL":"\/9-pieces-bar-holder\/"},{"Item Type":"product","Product ID":3752,"Product Name":"Horizontal Olympic Plate Rack","SKU":"SRPT","Brand Name":null,"Option Set Align":"right","Price":81,"Cost Price":0,"Retail Price":0,"Sale Price":0,"Fixed Shipping Cost":0,"Product Warranty":"Warranty: 120 days in-home-use Limited Warranty","Product Weight":37,"Product Width":51,"Product Height":11.800000000000000710542735760100185871124267578125,"Product Depth":11.800000000000000710542735760100185871124267578125,"Allow Purchases?":"Y","Product Visible?":true,"Product Availability":"available","Track Inventory":"none","Current Stock Level":2,"Low Stock Level":0,"Category":"","Search Keywords":"fitness equipment, yoga mat, kettlebell, iron bull, gym equipment, exercise equipment, dumbbell,  crossfit, barbell, workout routines","Page Title":"","Meta Keywords":"fitness equipment"," yoga mat"," kettlebell"," iron bull"," gym equipment"," exercise equipment"," dumbbell","  crossfit"," barbell"," workout routines","Meta Description":"Fitness Equipment Wholesaler providing deals and savings on exercise equipment. Popular brands Apollo Athletics, Ironbull and more.","Product Condition":"New","Sort Order":0,"Product Tax Class":0,"Product UPC\/EAN":"","Product URL":"\/horizontal-olympic-plate-rack\/"},{"Item Type":"product","Product ID":3753,"Product Name":"Medicine ball Rack 5-pc","SKU":"M-Ball-Rack-S","Brand Name":null,"Option Set Align":"right","Price":43.7000000000000028421709430404007434844970703125,"Cost Price":0,"Retail Price":0,"Sale Price":0,"Fixed Shipping Cost":0,"Product Weight":22,"Product Width":16,"Product Height":12,"Product Depth":61,"Allow Purchases?":"Y","Product Visible?":true,"Product Availability":"available","Track Inventory":"none","Current Stock Level":0,"Low Stock Level":0,"Category":"","Search Keywords":"fitness equipment, yoga mat, kettlebell, iron bull, gym equipment, exercise equipment, dumbbell,  crossfit, barbell, workout routines","Page Title":"","Meta Keywords":"fitness equipment"," yoga mat"," kettlebell"," iron bull"," gym equipment"," exercise equipment"," dumbbell","  crossfit"," barbell"," workout routines","Meta Description":"Fitness Equipment Wholesaler providing deals and savings on exercise equipment. Popular brands Apollo Athletics, Ironbull and more.","Product Condition":"New","Sort Order":0,"Product Tax Class":0,"Product UPC\/EAN":"","Product URL":"\/medicine-ball-rack-5-pc\/"},{"Item Type":"product","Product ID":3754,"Product Name":"Medicine Ball Rack Double, 10 pc","SKU":"M-Ball-Rack-D","Brand Name":null,"Option Set Align":"right","Price":59.52000000000000312638803734444081783294677734375,"Cost Price":0,"Retail Price":0,"Sale Price":0,"Fixed Shipping Cost":0,"Product Warranty":"Warranty: 120 days in-home-use Limited Warranty","Product Weight":29,"Product Width":16,"Product Height":24,"Product Depth":66,"Allow Purchases?":"Y","Product Visible?":true,"Product Availability":"available","Track Inventory":"none","Current Stock Level":0,"Low Stock Level":0,"Category":"","Search Keywords":"fitness equipment, yoga mat, kettlebell, iron bull, gym equipment, exercise equipment, dumbbell,  crossfit, barbell, workout routines","Page Title":"","Meta Keywords":"fitness equipment"," yoga mat"," kettlebell"," iron bull"," gym equipment"," exercise equipment"," dumbbell","  crossfit"," barbell"," workout routines","Meta Description":"Fitness Equipment Wholesaler providing deals and savings on exercise equipment. Popular brands Apollo Athletics, Ironbull and more.","Product Condition":"New","Sort Order":0,"Product Tax Class":0,"Product UPC\/EAN":"","Product URL":"\/medicine-ball-rack-double-10-pc\/"}]